{
  "name": "Scratch",
  "description": "A scratch test for finding out where things break",
  "version": "1.0.0",
  "pathMap": "/{value}",
  "allowedMethods": "GET",
  "logLevel": "Debug",
  "sessionRequired": false,
  "userRequired": false,
  "schemas": {
  },
  "parameters": [
    {
      "name": "value",
      "in": "path"
    }
  ],
  "returns": {
    "200": {
      "type": "empty",
      "description": "successful response."
    },
    "500": {
      "type": "string",
      "description": "Error details"
    }
  }
}