{
  "name": "FileServe_Docs",
  "description": "/docs service",
  "version": "1.0.0",
  "pathMap": "/docs/{path}",
  "allowedMethods": "GET",
  "logLevel": "Debug",
  "sessionRequired": false,
  "userRequired": false,
  "schemas": {
  },
  "parameters": [
    {
      "name": "path",
      "in": "path"
    }
  ],
  "returns": {
    "200": {
      "type": "empty",
      "description": "successful response."
    },
    "500": {
      "type": "string",
      "description": "Error details"
    }
  }
}